Column1,short_description
466,औरत चुपचाप सब नह देख वो बदलाव हिस्स बन वो कभ शांत प्रदर्शनकार कभ सरकार लोह ले पुलिस लाठ मुक़ाबल 
376,बूम पाय दिल्ल प्रदेश कांग्रेस कमिट के सदस्य मध्य प्रदेश उत्तर प्रदेश पैदल मज़दूर के 
9,दाव वायरल ब्रिटेन के प्रधानमंत्र किसान आंदोलन के कारण भारत दौर रद्द किय 
308,बूम पाय तस्वीर 2017 टाइम्स ऑफ़ इंडिय के लेख छप लेखक बूम बत भागलपुर के समीप खींच 
299,9 साल पुरा तस्वीर फ़र्ज़ दाव के वायरल कंकाल भीम के बेट घटोत्कच 
483,बूम पत लग वायरल तस्वीर दिख रह बच्च अनेनसेफ़ैल नामक बर्थ डिफ़ेक्ट के पैद इसक काल जाद 
317,बूम ज्योत पासवान बात पाय स्वस्थ ज़िल रह वाल पासवान हमनाम मृत्य कथित तौर 
721,बूम पाय ख़बर के दिय गय लिंक फ़र्ज़ वेबसाइट ले 
670,बूम पाय वीडिय मूल रूप 2017 असम के अमचंग वन क्षेत्र वन बेदखल अभियान है। 
644,बूम आपक ऐस पांच उदाहरण ले आय जैस दिख वाल तस्वीर इस्तेमाल ग़लत सूच फैल के लिय किय गय 
686,बूम पाय महिल पहचान अमरत शहजाद के रुप मुस्लिम पाकिस्तान के शाहपुर भंगुक निवास 
192,वायरल तस्वीर लखनऊ 2018 सहायक शिक्षक भर् के विरोध प्रदर्शन ना युव द्वार नौकर मांग 
64,औरंगाबाद सिट औरंगाबाद ज़िल नय नाम रख बहस जब-तब उठ खड़ 
641,बूम पाय तस्वीर 2008 जिसम नेपाल पुलिस तिब्ब निर्वासित व्यक्त के झड़प दर्श है। 
541,छठ पर्व केवल बिहार पूर्व उत्तर प्रदेश सीमित नह रह गय शनिवार सुबह उग सूर्य अर्घ्य दे संपन्न छठ 
438,वायरल पोस्ट दाव केरल दलित महिल मुस्लिम ईसाईय इसल हमल दिय क्यूंक वो पूज रह 
331,कश्मीर रह वाल पाकिस्ता महिल अक्सर अप अधिकार के प्रदर्शन अप आवाज़ उठ के उनम राजनीत आ 
539,छठ पूज पर्व शनिवार सुबह उग सूर्य अर्घ्य दे संपन्न पूज के आखिर दिन घाट श्रद्धाल भीड़ जुट 
34,दाव दिल्ल पुलिस के पुलिसकर्म कार मुस्लिम युवक बाइक लग पुलिसकर्म उसक माँ गोल चल दी। 
54,दाव किसान आंदोलन दिल्ल चल मार्च के कारण राष्ट्रिय राजधा 80 किलोमीटर लम्ब जाम लग 
491,बूम पाय ग्राफिक प्रैंक जनरेटर ऐप के बन गय गल घूम शेर तस्वीर पुरा असंबंधित है। 
408,बूम पड़ताल साम आय वायरल तस्वीर जुल 2019 इंटरनेट मौजूद इनक शराब दुकान के खुल 
78,सुप्रीम कोर्ट कह किसान के मुद्द हल निकाल के बन कमेट मही के अप रिपोर्ट अदालत के साम पेश 
461,बूम पाय युवक - दिलशाद अल - स्वस्थ सिलसिल पुलिस तीन हमलावर गिरफ़्तार लिय 
746,फ़र्ज़ पोस्ट आरोप लग लक्ष्म विलास बैंक अप शाख दी 
443,वीडिय अर्नब गोस्वाम उनक पत् समयाब्र रे गोस्वाम कथित हमल के बन गय 
582,बूम जांच पत चल दाव वाल पोस्ट जामिय के घायल प्रदर्शकार चोट दिख के केचप 
685,बूम इंटरनेट वीडिय पत लग पाय वीडिय नागरिक संशोधन बिल पारित पहल जनवर 2019 है। 
198,रमेश पोखरियाल निशंक गुरुवार 31 दिसंबर दसव बारहव बोर्ड परीक्ष तारीख़ ऐलान किय 
360,बूम स्कूल बोर्ड मेंबर ले वाईस चेयरमैन बात पाय दाव फ़र्ज़ 
66,केंद्र सरकार के नए कृष क़ानून के ख़िलाफ़ जार किसान के प्रदर्शन सुरक्षाबल कार्यव कनाड प्रधानमंत्र 
350,कोरो वैक्सीन टीक भारत लोग प्रक्रिय के कैस लग जाएग ले केंद्र सरकार दिशानिर्देश जार दिए 
209,आख़िर ऐस क्य कृष पंजाब उत्तर प्रदेश अधिक भागीदार वाल राज्य बिहार किसान नह क्य कृष सब बढ़िय चल रह 
138,भारत चीन के वास्तविक नियंत्रण रेख चल रह सीम विवाद के चीन भारत अप घरेल मसल ज़्याद ध्यान दे नसीहत दी 
690,सऊद अरब के नए बैंक नोट छप अंतरराष्ट्रीय सीम भारत सुधार के कह देश-दुनिय बड़ ख़बर लाइव अपडेट देख 
473,वायरल वीडिय दाव किय गय इंदौर पुलिस 1 अप्रैल डॉक्टर्स टीम पथराव वाल पिट बूम 
450,हरियाण के गृह मंत्र अनिज विज को-वैक्सीन ले के कैस कोरो पॉज़ीटिव 
295,कोरो वायरस ले शुरुआत अलग-अलग बात कह रह थीं लोग महज़ नजल किस्म बत खारिज रह 
756,मिसाइल 400 किलोमीटर ज़्याद मार सक 
637,हैदराबाद ऐस छुप रूस्तम टीम आराम देख देख चैंपियन बन दावेदार मुंबई दिल्ल बैंगलोर मात दे दी 
404,साहित्यकार आनंद स्वरूप वर्म बीबीस बत मंगलेश डबराल दिल्ल के एम्स अस्पताल बुधवार देर शाम आख़िर सांस ली 
219,बूम पाय @ThackerayOffic फ़र्ज़ हैंडल राज ठाकर के नाम बन गय 
319,किसान आंदोलन सुप्रीम कोर्ट टिपण्ण कार्टून 
53,दाव किय रह भारत के दिन पहल पंजाब के मुख्य मंत्र मुकेश अम्बा मिल 
746,आकर्षण केंद्र वो शक्तिशाल पहलवान जिनक संबंध प्रसिद्ध भोल पहलवान परिवार दारुल सेहत सब भोल अखाड़ के नाम जान 
60,पाकिस्तान के पूर्व तेज़ गेंदबाज़ शोएब अख़्तर टीम इंडिय के जीवट खेल ले तारीफ़ के पुल बांध 
163,भारत दव नियामक संस्थ के प्रमुख कह देश कोरो वैक्सीन मंज़ूर दी वो सुरक्षित 
245,ब्रिटेन यूरोपीय संघ के पोस्ट-ब्रेग़्जिट ट्रेड डील के ब्रिटेन भारत सहित दूसर देश के फ्र ट्रेड मार्ग प्रशस्त गय 
287,स्वास्थ्य मंत्र हर्षवर्धन उम्मीद जत जनवर टीकाकरण शुर सक छह टीक अभ क्लीनिकल ट्रायल चल रह 
501,विश्व स्वास्थ्य संगठन कह COVID-19 के हालिय प्रकोप के ख़िलाफ मुकाबल के मास्क पूर प्रभाव नह 
266,बाब ढाब नाम शायद सु होग छोट सा फ़ूड स्टॉल चल वाल बुज़ुर्ग रो वीडिय वायरल गय 
578,बूम पाय वीडिय 2019 मौलव टिप्पण तबरेज अंसार मॉब द्वार हत्य दी गय थी। 
338,साल 2012 निर्भय के सामूहिक बलात्कार के कानून कड़ मौत सज़ जैस प्रावधान लाए 
665,बूम पाय वास्तव तस्वीर पुलिस वकील के हज़ार कोर्ट झड़प के प्रदर्शन 
2,पाकिस्ता टीव प्रेजेंटर सैय्यद इक़रारुल हसन अप ट्वीट के कारण निश आ उन्ह देशद्रोह कह लग 
633,जरनैल सिंह भिंडरावाल स्वर्ण मंदिर निकाल योज ब्रिटिश अफ़सर सलाह ली 
601,बूम पाय घट नवंबर 2019 ब्राजील ड्रग माफिय सीविल गार्ड के झड़प थी। 
586,राजने कैस मन रोश पर्व 
675,महिल के ख़िलाफ हिंसक अपराध भारत पाकिस्तान तेज़ क़ानून सख़्त सुधार बहस 
681,भारत चीन के लद्दाख लाइन ऑफ एक्चुअल कंट्रोल एलएस पिछल महीन गंभीर विवाद बन 
141,बूम पाय वायरल दाव फ़र्ज़ तस्वीर 2014 पीएम मोद कोलक रैल है। 
113,बूम ऐस प्रमाण नह मिल डेनमार्क मुसलमान के मतदान के अधिकार रद्द पुष्ट 
703,बूम सूचीबद्ध नंबर जांच पत लग घोटाल कैस काम है। 
587,म्यांमार छोड़ के लाख रोहिंग्य जह शरण ली बार वो ख़ुद ख़तर महसूस रह 
333,बूम पाय तस्वीर हैंडओवर समारोह दक्षिण कोरिय कोरिय युद्ध लड़ वाल ची सैनिक के 
385,सेंट्रल काउंसिल ऑफ़ इंडियन मेडिसिन CCIM पोस्ट ग्रेजुएट आयुर्वेद स्टूडेंट औपचारिक ट्रेनिंग के 58 सर्जिकल प्रक्रिय अंजाम दे इजाज़त दे दी 
342,कर्नल संतोष बाब हाल भारत-चीन के लद्दाख के गल्वान घाट झड़प शहीद 
136,रविवार भारत के ड्रग रेग्यूलेटर स्वदेश वैक्सीन कोवैक्सीन आपातकालीन इस्तेमाल के मंज़ूर दे दी वो बि तीसर चरण के ट्रायल के 
535,दिल्ल दंग के अपर्याप्त रिपोर्टिंग के कारण असल जानकार लोग नह पहुंच पाईं इसक अलाव शाहरुख़ के 
581,वीडिय नाथूराम गोडस के प्रत समर्थन दिख के हिंद महासभ महात्म गांध के पुतल गोल चल 
446,बूम के खोजबीन साम आय वायरल क्लिपिंग मई 2018 
702,मुंगेर दुर्ग प्रतिम विसर्जन के गोल चल घट के चुनाव आयोग एसप डीएम पद हट 
375,जर्म 16 दिसंबर 10 जनवर लॉकडाउन होग जर्मन चांसलर कह फ़ौरन कार्रव ज़रूरत 
195,केंद्रीय शिक्ष मंत्र रमेश पोखरियाल निशंक सीबीएसई बोर्ड 10व 12व परीक्ष घोषण 
377,झारखंड दिसंबर शाम सोमार ज़िंदग सबस ख़ौफ़नाक शाम बन 
529,मूल रूप तस्वीर लड़क जिसक शव 20 फ़रवर मध्य प्रदेश के गांव बरामद किय गय था। 
479,बूम पाय वीडिय प्रोटेस्ट रैल अज़रबैज़ान पिछल साल 
435,बूम पाय होंज ऐस बयान नह दिय जबक सबूत के मुताबिक़ सार्स-सीओवी-2 प्राकृतिक वायरस है। 
204,बूम पाय वायरल स्क्रीनशॉट फ़ेक उत्तर प्रदेश सरकार के अधिकार इसक पुष्ट नह 
563,बूम पाय तस्वीर मूल रूप दिल्ल के मुखर्ज नगर जह सिख़ टेम्प ड्राइवर तलवार पुलिस हमल किय 
101,कृष कानून विरोध रह किसान हंगाम हरियाण के मुख्यमंत्र रैल रद्द 
728,मैनपुर पुलिस बूम बत झगड़ ठाकुर समूह इसम दलित शामिल नह 
260,बूम पाय वायरल क्लिप वर्तमान नह बल्क़ 2019 दिसंबर फ़िल्म गय नागरिक संशोधन अधिनियम 2019 के 
31,आम आदम पार्ट बिधूड़ वीडिय क्लिप शेयर किय इसक वास्तविक लेख 
477,ब्रिता किल महफ़ूज़ टीप सुल्तान याद 
348,पिंक के पत जेठ हिरासत रख गय हालात गर्भपात के आरोप लग काफ़ संगीन 
376,एंटोनिय गुटरेश कह अप संसाधन ख़र्च नह सक जिसस अगल पीढ़ बिखर धर बोझ पड़ 
726,बूम पाय तस्वीर वास्तविक रूप ग्यारह साल पहल ली गय दिल्ल के फ़िरोज़ शाह कोटल मस्जिद 
572,मोद द्वार उद्धृत अब्दुल्ल काल्पनिक बयान व्यंग्य वेबसाइट फ़ेकिंग न्यूज़ है। 
665,क्य बाइडन रुख वाक़ई चीन ले नरम वो राष्ट्रपत बन क्य ट्रंप चीन के कारोबार अधिक टैक्स लग सक 
361,बूम पाय वायरल तस्वीर एडिट गय असल तस्वीर 2016 वॉशिंगटन विरोध के ली गय 
18,दाव अमित शाह राम मंदिर ना बन कह रह नरेंद्र मोद मुसलमान किसान मार दाव रह 
414,रतन टाट द्वार व्यापार के नाम संदेश फ़र्ज़ है। बात पुष्ट टाट ट्विटर 
319,न्यूज़ संस्थान आईएएनएस द्वार रिपोर्ट प्रकाशित किय लिख सुशांत सिंह राजपूत के पि ट्विटर 
657,मायाव कह समाजवाद पार्ट हर के ज़रूरत पड़ उनक पार्ट बीजेप समर्थन सक 
555,एनपीआर राष्ट्रीय नागरिक रजिस्टर एनआरस पूर दिश पहल क़दम मा गय के अख़बार सुर्ख 
89,एबीप न्यूज़ बुलेटिन के स्क्रीनशॉट ब्रेकिंग न्यूज़ टेम्पलेट संबित पात्र असंबंधित तस्वीर उपयोग करक 
596,स्टैंड अप कॉमेडियन कुणाल कामर कह वो सुप्रीम कोर्ट कथित अवमान वाल ट्वीट्स न माफ़ माँग न अप शब्द वापस लेंग 
484,गुर परब के अवसर नज़र गुर नानक के जीवन अहम बात नानक 11 साल उम्र विद्रोह बन 
124,मुग़ल सल्तनत के संस्थापक बाबर 1483-1530 जह विजे के रूप देख वर्णित किय दूसर ओर उन्ह बड़ कलाकार लेखक मा 
638,किरण बेद प्रवर्धित वीडिय शेयर किय नास द्वार शेयर वीडिय अलग है। 
301,1971 लड़ 49व बरस पढ़ अमरीक भारत डर कोशिश भारत क्य किय 
82,बूम पाय वायरल वीडिय तत्कालीन अर्जेंटी के राष्ट्रपत मारिसिय मैक्र चुनाव प्रचार दिख गय है। 
175,बूम पाय वास्तविक फ़ोट अंतिम संस्कार के दृश्य नह 
457,भारत ऑस्ट्रेलिय टी20 मैच युज़वेंद्र चहल टीम हिस्स ना मैन ऑफ़ द मैच कैस बन जान मैच पूर रोमांच वीडिय 
315,अमेरिक के प्रेसीडेंट इलेक्ट बाइडन शु्क्रवार व्हाइट हाउस के संचार प्रेस स्टाफ़ के 16 अतिरिक्त सदस्य घोषण 
332,प्रधानमंत्र नरेंद्र मोद नई दिल्ल स्थित नेशनल वॉर मेमोरियल पहुंच 1971 युद्ध हिस्स ले वाल जवान श्रद्धांजल दी 
561,ईपीएफ़ओ पंजीकृत कंपन संख्य भार गिरावट पढ़ क्य ख़ास छप के अख़बार 
540,कमल सिंह बैल डांस सीख ले जुनून सीख के उनक पास पैस नह 
197,भार ब्याज दर लोग ज़िंदग नरक बन वाल लोन एप्स क्य इनक पीछ चीन भूमिक 
86,ऑस्ट्रेलिय कप्तान टिम पेन रविचंद्रन अश्विन अपमान किय तीन कैच गिर इसक भारत असंभव लग रह टेस्ट मैच ड्रॉ जिसस मैच पेन के करियर सबस बुर याद बन गय 
729,तस्वीर वेबसाइट के माध्यम बन जिसम समाचार बुलेटिन नकल स्क्रीनशॉट बन गय 
356,बजरंग दल ख़तरनाक संगठन शामिल मांग जून दिल्ल के चर्च हमल के उठ अख़बार समीक्ष 
0,भारत ऑस्ट्रेलिय टेस्ट सिरीज़ ऐतिहासिक जीत दर्ज चौथ निर्णायक मैच नौजवान गेंदबाज़ मोहम्मद सिराज अहम भूमिक निभ 
184,विदेश राजनयिक कह रह चीन ओल के क़दम हैरान सीनियर यूरोपियन डिप्लोमैट कह महामार के प्रधानमंत्र ओल के क़दम चीन नाराज़ 
360,छत्तीसगढ़ दिन राज्य महिल आयोग अध्यक्ष के बयान सियास गलियार बहस शुर 
642,बूम आजतक पत्रकार बात बयान ख़ारिज किय 
615,फ़र्ज़ वीडिय पोस्ट पाकिस्ता अभिनेत्र महविश हयात ट्विटर इन्फ्लुएंसर तारेक फ़तेह खिंच 
159,तस्वीर 2012 भेदभाव विरोध कैंपेन फ़ोटोशॉप सांप्रदायिक फ़र्ज़ सूच फ़ैल के इस्तेमाल किय 
316,ब्रिटेन के विदेश मंत्र डोमिनिक रॉब भारत दौर आए प्रधानमंत्र नरेंद्र मोद विदेश मंत्र एसजयशं मुलाकात मौक बीबीस उनस मुद्द विस्तार बात 
364,बूम पाय वायरल वीडिय दिल्ल नह बल्क मुंबई के किंग एड्वर्ड मेमोरीयल हॉस्पिटल 
152,बूम बात नीट टॉपर आकांक्ष सिंह के पि विवादित ट्वीट ट्विटर हैंडल फ़र्ज़ बत 
477,लेख आर / नोस्लीप नाम के रेड्डिट फोरम लिय गय जह लोग जीवन घट प्रेरित काल्पनिक कहान पोस्ट 
14,दाव पाकिस्तान उपद्रव द्वार मंदिर तोड़ मुसलमान प्रदर्शन रह 
535,इसक वजह नेटफ़्लिक्स के शो अ सूटेबल बॉय के दृश्य आपत्त जत रह 
456,बूम पड़ताल साम आय वायरल वीडिय हाजीपुर पुलिस द्वार किय मॉक ड्रिल 
187,बूम पाय हफ़िंगटन पोस्ट के लेख गांध नाम सूच शामिल खेद जत हट दिय गय 
759,एनआईए 83 साल के फ़ादर स्टेन स्वाम गिरफ़्तार यूएपीए धाराएँ लग 
223,बूम बुलढाण पुलिस बत वायरल तस्वीर महिल दिवस के अवसर दिन के डीएसप बन गय स्कूल छात्र 
182,नेपाल के हालिय संकट चीन के झटक भारत जीत के तौर क्य देख रह भारतीय मीडिय ओल चीन समर्थक कह क्य वो भारत के पक्ष आ 
487,बूम पाय तस्वीर 2019 के आर्ट संबंधित बड़ पैम वाल शार्क हत्य के संबंध 
339,कोरो वायरस निपट के देश टीकाकरण शुर किय जाएग मामल प्रतिकूल असर होग 
254,बूम पत्रकार मुबश्शिर मुश्ताक़ बात तस्वीर ली वायरल तस्वीर फ़र्ज़ एडिटेड बत 
687,बूम पाय वीडिय नवंबर 2017 झारखंड पुलिस द्वार आयोजित मॉक ड्रिल है। 
494,वायरल वीडिय के दाव किय गय कोरोनावायरस के डर चीन लाख तादाद लोग इस्लाम क़ुबूल किय बूम 
269,पाकिस्तान चीन दोस् शुरुआ दौर रुकावट आईं दोन देश के रिश्त गर्मजोश जगज़ाहिर कैस पड़ बुनियाद 
122,बूम पाय वास्तविक कार्टून 2014 जिसपर शाहीन बाग़ शब्द अलग जोड़ गय 
326,पिछल मही 23 जून प्रेस कांफ्रेंस रामदेव कह केवल कण्ट्रोल नह क्योर 
418,ख़बर केंद्रीय गृहमंत्र अमित शाह किसान मुलाक़ात के बुल 
4,मीडिय आउटलेट्स वायर एजेंस गलत तरीक दाव किय पाकिस्तान के पूर्व राजनयिक बालाकोट मौत 
303,बूम पाय तस्वीर 2012 इंटरनेट मौजूद रशियन वेबसाइट पोस्ट गय 
549,कंप न ची न आधिकारिक पैकेजिंग टैबलेट मिल है। 
506,बूम पाय वायरल वीडिय फिल्म अभिने सन देओल फिल्म ब्लैंक 2019 रिलीज़ थी। 
435,सवाल उठ रह क्य आरबीआई भारतीय बैंकिंग सेक्टर निगरा पर्याप्त रूप सक्षम नह 
52,बूम पाय वायरल क्लिप अक्टूबर 2015 कश्मीर सिख द्वार पंजाब उनक धर्मग्रंथ के अपमान के ख़िलाफ़ विरोध 
347,बूम पड़ताल पाय तस्वीर दरअसल सरकार नीत के ख़िलाफ़ प्रदर्शन जिसक द्वार सीताराम येचुर बृंद 
191,बूम पाय वायरल पोस्ट शाहरुख़ टीशर्ट लिख वोट फ़ॉर एमआईएम फ़ोटोशॉप करक जोड़ गय 
337,आज़ाद के भारत के गणतंत्र दिवस बोरिस जॉनसन मुख्य अतिथ बन वाल दूसर ब्रिटिश प्रधानमंत्र होंग इसस पहल 1993 जॉन मेजर अतिथ बन गय 
298,बूम पाय घट 2017 वीडिय के वायरल के उत्तर प्रदेश पुलिस गिरफ्तार 
219,दोन पक्ष आठ स्तर सैन्य वार् चुक सीम मुद्द सुलझ प्रगत नह दिख भारत के पास क्य विकल्प 
210,नागौर आरएलप के इकलौ सांसद हनुमान बेनीवाल जयपुर-दिल्ल हाइव किसान के प्रदर्शन पहुंच चर्च रह किसान उनक पढ़ क्य पूर मामल 
35,रामपुर सहसवान घर ताल्लुक रख वाल शास्त्रीय संगीतकार उस्ताद ग़ुलाम मुस्तफ़ ख़ान 89 वर्ष उम्र निधन गय 
696,भारत कोरो वायरस वैक्सीन बन ले कोशिश जार इनम वैक्सीन के तीसर चरण मंज़ूर मिल 
442,बूम बातचीत दिल्ल पुलिस साफ़ किय अज़ान रोक नह लग बल्क सिर्फ मस्जिद धार्मिक स्थल 
521,अहमद पटेल के बार कह सोनिय गांध मान थीं वो एकमात्र अमित शाह पूर बीजेप बराबर सक्षम 
530,वित्त राज्य मंत्र संवादद सम्मेलन झूठ दाव किय ऐस नार कभ नह लग था। 
726,अधिकार के मुताबिक़ दमकल 10 गाड़ घटनास्थल मौजूद जह इमारत के फँस लोग बच आग बुझ कोशिश रह 
684,जानकार कह रह सर्द बढ़ के भारत कोरो वायरस ख़तर बढ़ सक क्य डबल ख़तर बच तैयार रह 
182,बूम वीट बलराम प्रदर्शन घायल प्रोटेस्टर बात बत तस्वीर किसान प्रदर्शन नह 
570,ट्रंप मोद मौक़ एक-दूसर अप दोस्त बत चुक 
513,संविधान दिवस कार्टून 
420,वीडिय दरअसल फ़रवर 3 रिकॉर्ड किय गय कपूर दिल्ल के हॉस्पिटल इलाज के भर् 
560,कारण मोद सरकार पिछल साल नवंबर द रीजनल कॉम्प्रीहेंसिव इकोनॉमिक पार्टनरशिप आरसीईप वार् एलान किय - वो फ़ैसल सह नह 
390,बूम पत लग वायरल वीडिय जुल 2016 इसक बांग्लादेश के आसार ज़्याद 
202,बूम पाय पिछल दिसंबर शिव के लोग व्यक्त मुख्यमंत्र उद्धव ठाकर के ख़िलाफ़ फ़ेसबुक कमेंट 
353,वायरल पोस्ट दाव सुप्रीम कोर्ट आदेश दिय जून 15 देश नाम इंडिय बदल भारत दिय जाएग 
278,बूम पत लग असल तस्वीर गहलोत वर्ष 2018 राजस्थान असेंबल चुनाव जीत ख़ुश मन नज़र आ रह 
399,बूम पाय विवादित सीम देख सक मैप भारत के देख जाए 
402,ट्वीट वायरल स्क्रीनशॉट कह अमित शाह मुस्लिम समुदाय विन रह उनक अच्छ स्वास्थ के 
602,बूम पाय वीडिय 2015 इंदौर पुलिस द्वार अपराध पिट उत्तर प्रदेश सीएए प्रदर्शन 
727,अदालत शाह मस्जिद समित समेत चार पक्ष नोटिस जार किय 
227,भारत ऑस्ट्रेलिय के खेल रह दूसर टेस्ट मैच के चौथ दिन खेल शुर गय मैच मेलबर्न क्रिकेट ग्राउंड खेल रह 
5,यूज़र्स तस्वीर शेयर दाव रह तस्वीर पुरा दिल्ल रेलव स्टेशन के प्लेटफ़ॉर्म बन मस्जिद 
543,बिहार चुनाव पहल बिक 280 करोड़ के इलेक्टोरल बॉन्ड लव जेहाद अध्यादेश लाएग योग सरकार के अख़बार अहम सुर्ख 
452,बूम स्थानीय पुलिस बात कह हल्द्वा के बनभूलपुर क्षेत्र के निवास के व्हाट्सएप्प मौखिक 
22,दाव किय रह अडा ग्रुप के हाथ के प्लेटफॉर्म टिकट के दाम दस गु बढ़ दिए 
547,सलमान राव मई 2020 किय उनक फ़ेसबुक लाइव के सम्मानित किय गय 
240,क्य किसान आंदोलन राजनीतिक रुख लेग बीबीस के सहय पत्रकार समीरात्मज मिश्र बत रह हाल 
680,अमरीक के ख़ुफ़िय अधिकार कह रूस ईरान 3 नवंबर वाल राष्ट्रपत चुनाव पहल वोटर्स प्रभावित कोशिश लग 
604,धर्मांतरण विरोध क़ानून हरियाण सरकार हिमाचल प्रदेश लाग क़ानून जानकार मांग रह 
621,बूम स्पी पहचान फ़ारुक अहमद के रूप वंचित बहुजन अगाड़ के 
748,गुरुवार राज्य सात मही के सिनेमाघर मल्टीप्लेक्स दोबार खुल रह 
329,भारत हर साल लाख लोग वाय प्रदूषण वजह अकाल मौत शिकार रह 
367,खनचंदा कोर्ट पेश किय जाएग खनचंदा पहल मामल बार पूछताछ चुक 
295,बूम डॉक्टर राण सिंह बात पत लग वीडिय 15 जुल महावीर कैंसर संस्थान रिकॉर्ड किय 
519,बूम मंदर के लंब भाषण सु जह प्रदर्शनकार भारत के संविधान के सच्च आदर्श रक्ष के 
650,सप्ताह भारत राष्ट्रीय जाँच एजेंस ग्रेटर कश्मीर के दफ़्तर एएफ़प के पत्रकार परवेज़ बुख़ार के घर छापेमार 
465,बूम पाय फ़ार्मासिस्ट मृत्य ब्रेन हैमरेज वजह थीं ना मुस्लिम द्वार किय हमल वजह जैस 
415,प्रधानमंत्र मोद बुर प्रभावित राज्य कह वो टेस्टिंग कॉन्टैक्ट ट्रेसिंग शीर्ष प्राथमिक दें 
663,अप घर चमक रख उसक अलाव मतलब ना रख नए समाज कड़व सच्च बन गय 
634,मोबाइल वीडिय गेम के वीडिय फुटेज़ सुलेमा अमेरिक ड्रोन हमल बत ग़लत तरीक शेयर किय रह है। 
268,आयुर्वेद प्रैक्टिशनर शर्म 1994-2004 हत्य दोष साबित चुक इनक कोविड-19 सम्बन्ध नह 
279,बूम पाय वीडिय करीब साल पुर प्रधानमंत्र नरेंद्र मोद के आधिकारिक ट्विटर हैंडल पोस्ट किय गय । 
720,वीडिय अमेरिक के टेक्सास वायरल जह स्थानीय पुलिस कह घट मेक्सिक सक 
27,किसान आंदोलन जोड़ तस्वीर सोशल मीडिय यूज़र्स श्रद्धांजल अर्पित शेयर रह हैं। 
597,बूम पाय कैप्शन भ्रामक क्योंक लिंगायत गुर टिप्पण नागरिक संशोधन अधिनियम संबंधित नह थी। 
540,बूम पाय चार तस्वीर सेट पुर औऱ उत्तर-पूर्व दिल्ल हिंस संबंधित नह है। 
758,पीएमओ डेट पूर्व पीएम मनमोहन सिंह के अर्काइव पत चल मोद विदेश यात्र के संबंध अमित शाह दाव 
225,नेपाल के पत्रकार कह ची कम्युनिस्ट पार्ट नेपाल के आंतरिक मामल दखल दे रह 
391,राष्ट्रपत चुनाव के नतीज ख़ारिज डोनाल्ड ट्रंप कोशिश सुप्रीम कोर्ट नकार 
313,पिछल पाँच साल भारत के ज़्यादातर राज्य कुपोषण बार बढ़ दिख रह हैइसक वजह जान के पढ़ ख़बर 
440,हिंद अख़बार दैनिक जागरण अप्रैल 24 समाजवाद पार्ट अध्यक्ष अखिलेश यादव तस्वीर गलत लेख के छाप दी 
142,बूम पाय शहीद-ए-आज़म भगत सिंह चार तस्वीर मिल वायरल तस्वीर उनम नह है। 
253,बूम पाय असल तस्वीर मोद महात्म गाँध मूर्त नमन रह 
632,फ़िल्म मज़दूर मट्ट उसक साइकिल ज़िंदग नाम के परमानेंट लॉकडाउन फँस उसक नीच जात ग़रीब बीमार रह 
412,आमिर खान वायरल रह दाव ट्वीट फ़र्ज़ बत ख़ुदक सूच लिय है। 
57,भारत चौथ टेस्ट मैच बि अहम खिलाड़ के खेल रह रविंद्र जडेज जसप्रीत बुमराह अश्विन चोट के कारण पड़ 
133,हिटमैन के नाम मशहूर रोहित शर्म ज़िंदग उनक खेल जुड़ किस्स सुन 
685,कांग्रेस राहुल गांध कह चीन भारत धर कब्ज लिय पीएम मोद चीन नाम नह ले 
481,मुंबई पुलिस बूम पुष्ट वायरल ऑडिय क्लिप नकल हैं। 
436,बूम पाय असल तस्वीर साल 1954 ली गय अभिनेत्र मर्लिन मोनर 
2,सोशल मीडिय प्लेटफ़ॉर्म फ़ेसबुक ट्विटर दाव के बड़ संख्य तस्वीर के पोस्ट शेयर किय रह है। 
104,तीन कृष क़ानून विरोध रह किसान के सरकार के आठ दौर बातचीत के गतिरोध ख़त्म नह 
85,स्पूफ़ मज़ाकिय वीडिय यूनाइटेड किंगडम के एड फ़िल्म बन वाल 2005 बन 
221,भूकंप के कारण जान-माल काफ नुकसान सात लोग मौत काफ संख्य लोग जख़्म 
107,बूम पाय वायरल रह तस्वीर पुरा 
233,बूम सोशल मीडिय वायरल पोस्ट्स पड़ताल जिनम दाव किय गय विनाशकार बाढ़ चीन अप चपेट ले रह 
148,बिल मिलिंड गेट्स फाउंडेशन के प्रवक् वायरल रह मैसेज ख़ारिज किय 
677,चीन बत पहाड़ तैनात अप जवान के क्य व्यवस्थ पढ़ के अख़बार प्रमुख सुर्ख़ 
536,बूम पाय वायरल वीडिय दिसंबर 2019 गुजरात के अहमदाबाद सीएए के विरोध प्रदर्शन के फिल्म गय 
581,उनक कदम उनक रिश्तेदार दोस्त मां क्य कह 
211,स्क्रीनशॉट वायरल कंग रनौत स्कूल कॉलेज के खुल के सम्बन्ध फ़र्ज़ दाव रह 
324,द प्रेसिडेंशियल इयर्स के अंश के मुताबिक़ दिवंगत राष्ट्रपत प्रणब मुखर्ज लिख उनक राष्ट्रपत बन के सोनिय गाँध मनमोहन सिंह सरकार बच व्यस्त 
241,भारत-चीन के एलएस जार तनाव के अरुणाचल के तवांग सेक्टर भारतीय सुरक्षाबल के जवान कड़ ठंड डट 
171,बूम पाय आजतक के बुलेटिन बयान अलग जोड़ गय 
578,चीन समेत एशिया-प्रशांत महासागर क्षेत्र के 15 देश रविवार दुनिय सबस बड़ व्यापार संध हस्ताक्षर किय 
371,भारत पाकिस्तान अक्सर अप दुश्म के बार दोन देश आ 
80,बूम गृह मंत्रालय द्वार जार ऐस आदेश नह मिला। 
365,मुंबई पुलिस रविवार रिपब्लिक टीव के सीईओ विकास खनचंदा कथित टीआरप स्कैम के संबंध गिरफ़्तार किय 
45,दाव किसान भाजप उमेश सिंह इसल पीट क्यूंक पाकिस्तान ज़िंदाबाद के नार लग 
645,लखनऊ के नार निकेतन महिल क़ैद जेल के करवाचौथ त्योहार मन 
19,दाव किय गय तस्वीर आरएसएस के शिविर तस्वीर अन् हज़ार नरेंद्र मोद हैं। 
655,बूम पाय वीडिय मूल रूप बांग्लादेश के ब्राह्मणबारिय जह मदरस छात्र स्थानीय दुकानदार के 
96,बूम पाय वीडिय इंडोनेशिय के पश्चिम जाव संभाग फ़िल्म गय जह चार साल बच्च इस्लामिक प्रार्थ 
201,आख़िर ऐस क्य कृष पंजाब उत्तर प्रदेश अधिक भागीदार वाल राज्य बिहार किसान नह क्य कृष सब बढ़िय चल रह 
178,बूम पाय क्लिप अक्टूबर 2019 क्रूज़ लाइनर ग्रीस संकर कोरिंथ नहर रव था। 
108,बूम पाय वीडिय 2019 प्रयागराज संपन्न कुंभ मेल के शाह स्नान के नाग साध 
430,21 साल के भरत जाधव कथित ऊंच जात के आदम सिर्फ़ इसल पीट क्योंक उनक सरनेम कथित ऊंच जात वाल सरनेम जैस 
425,एचडीएफस बैंक के प्रवक् नीरज झा कह पोस्ट गलत तरीक़ आदित्य पूर जोड़ रह इसक 
237,पैर लग स्प्रिंग मदद वो चल सक आसा नह साल नीट परीक्ष पास एमबीबीएस पढ़ शुर वाल रिटायर्ड अधिकार 
309,बूम पाय सार पायलट ट्विटर मौजूद नह उनक नाम फ़र्ज़ ट्वीट्स न्यूज़ रिपोर्ट्स लिख गय 
178,किसान सरकार के छठ दौर बातचीत पहल जान पूर्व कृष मंत्र पूर्व फ़ूड कमिश्नर पूर्व एफ़सीआई चेयरमैन मुद्द जुड़ जानकार क्य होग रास् 
1,सिख समुदाय के लोग हिंद साइन बोर्ड कालिख पोत दिख तस्वीर सेट वीडिय वायरल रह 
716,भारत लग रह आरोप शामिल वो मालदीव अप सैन्य मौजूदग स्थापित चाह 
345,चीन चांग ई-5 चंद्रम सतह क़रीब किलोग्राम पत्थर मिट्ट के नमू ले धर लौट 
526,पिछल दिन अचानक कोरो संक्रमण के मामल इज़ाफ़ देख रह 
496,इसस पहल तिमाह गिरावट 249 फीसद उसक मुक़ाबल हालत अच्छ चिंताजनक चिंताजनक उम्मीद भर 
106,चार टेस्ट मैच सिरीज़ दोन टीम एक-एक बराबर सिड क्रिकेट ग्राउंड तीसर टेस्ट मैच खेल रह 
568,तस्वीर शी जिनपिंग के जुल 2016 उत्तर पश्चिम चीन मस्जिद यात्र ना हाल के कोरोनावायरस के प्रकोप 
155,सोनल शर्म राजस्थान न्यायिक सेव आरजेएस 2018 चयन 
227,बूम पाय टाइम्स ऑफ़ इंडिय न्यूज़18 वीडिय फ़र्ज़ दाव के शेयर किय न्यूज़18 क्लिप हट 
66,भारत के प्रमुख जनरल एमएम नरवण कह पाकिस्तान चीन मिल भारत के ख़तर पैद सक 
161,बूम पाय फ़ोट 5 नवंबर 2019 दिल्ल पुलिस के प्रदर्शन जिसम न्याय मांग रह 
261,विधानसभ के विशेष सत्र बुलाय ले पेंच फँस गय क्योंक मंत्रिमंडल सिफ़ारिश राज्यपाल ख़ारिज दिय 
580,बूम पाय वीडिय 8 साल ज़्याद पुर चीन नह फिल्म गय 
289,लद्दाख साद कपड़ पह ची सैनिक के गाँव चल आन ख़बर प्रेस रिव्य 
554,नई दिल्ल विधानसभ के 7 विधायक बीजेप के 1 विधायक महिल के ख़िलाफ अपराध के गंभीर मामल घोषण 
667,बूम पहल ख़ारिज किय भीलवाड़ पुलिस बूम बत मामल सांप्रदायिक राजनैतिक नह 
516,बूम पाय वायरल वीडिय तीन क्लिप जोड़ बन गय शी जिनपिंग द्वार 2016 चीन के उत्तर-पश्चिम क्षेत्र 
445,बूम मुंबई के मनोचिकित्सक डॉ सागर मुंदड़ बात के जान कोशिश कोरोनावायरस लॉकडाउन असर लोग के 
656,फ़्रांस इस्लाम ले चल रह ताज़ विवाद भारतीय विदेश मंत्रालय फ़्रांस के राष्ट्रपत खुल समर्थन किय 
231,बूम पाय फ़र्ज़ दाव रह न्यूज़ 18 के स्क्रीनशॉट एडिट किय गय 
458,बूम मुंबई पुलिस संपर्क किय पत चल मुद्द साम्प्रदायिक कोण नह 
215,बूम पाय चीन भारत द्वार आयोजित संयुक्त अभ्यास तस्वीर लद्दाख अक्टूबर 2016 ली गय 
55,ट्विटर फ़ेसबुक दाव किय रह 21 सिख रेजिमेंट के सैनिक इस्तीफ़ दिय 
82,पाकिस्तान के ताक़तवर तस् कैस आज़ाद के स्मगलिंग के धंध भारत के एकाधिकार ख़त्म किय सेठ आबिद दिलचस्प 
613,बूम पाय जंतर मंतर वायरल वीडिय दिख दे वाल महिल आतिय अल्व 
718,योग आदित्यानाथ महिल के ख़िलाफ़ अपराध रोक के एंट रोमिय स्क्वैड शुरुआत वो अचानक ग़ायब गय 
231,बीजेप कांग्रेस अकाल आक्रामक केजरीवाल अवसरवादि करार दे रह आम आदम पार्ट दाव वो किसान के दिन खड़ क़ानून लोकसभ राज्य सभ पास 
722,तिरुमाल तिरुपत देवस्थानम बूम पुष्ट ऑनलाइन प्रसारित वाल दाव ग़लत अभ निर्णय नह लिय 
224,बूम स्थानीय पुलिस मंदिर के पुजार बात मामल के साम्प्रदायिक इंकार दिय 
565,ए प्रोमिस्ड लैंड नाम किताब ओबाम के राजनीतिक जीवन आधारित संस्मरण पहल अंक जिसम करीब 14 सौ शब्द नवंबर 2010 अप पहल भारत यात्र ख़र्च 
218,बूम पाय वीडिय कांग्सीव कब्रगाह 1962 इंडो-चाइ युद्ध मार सैनिक के बन गय 
250,पाकिस्तान कह भारत उसक ख़िलाफ़ कार्रव कोशिश मुंहतोड़ जवाब दिय जाएग 
740,फ़र्ज़ ख़बर दाव किय रह हौंड मुफ़्त उपहार दे रह इसक अलाव कैडबर अमेज़न ऐस फ़र्ज़ संदेश 
299,भारत कोरो संक्रमण पहल मामल साल के जनवर मही आय 
471,बूम पुलिस अधीक्षक आबिद खान बात फ़र्ज़ सूच केंद्र बन 
364,गाज़ीपुर बॉर्डर कृष क़ानून के ख़िलाफ़ प्रदर्शन रह महिल किसान आंदोलनकार हाल 
354,बूम जाँच साम आय वीडिय विंह चाऊ वियतनाम जह व्यक्त अप बेट अनाज के खेल 
542,बूम पाय कपिल मिश्र के पीछ खड़ व्यक्त नाम रोहित राजपूत मौजपुर निवास है। 
522,देश दुनिय बन रह कोरो के अलग-अलग वैक्सीन ले हर रोज़ नए दाव साम आ रह इनम भारत के सी वैक्सीन सबस सह क्य भारत सरकार क़रार किय जान रिपोर्ट 
45,किसान कह 26 जनवर किसान ट्रैक्टर रैल निकाल उसक गणतंत्र दिवस परेड असर नह होग पढ़ बड़ ख़बर 
255,रूस भारत के वार्षिक सम्मेलन पिछल 20 साल लगातार रह बार सम्मेलन नह रह भारत रूस सम्मेलन के ना के पीछ कोरो महामार वजह बत 
206,केंद्र सरकार के कृष क़ानून विरोध रह किसान छह महीन प्रदर्शन तैयार के आए लोग बात यकीन मुश्किल सक किसान आंदोलन महाराष्ट्र छह साल चल 
590,भारत अभ केवल चीन के यात्र सलाह जार स्वास्थ्य सेव प्रदा कोरोनावायरस निपट के 
381,बूम पड़ताल पाय फ़ोट फ़रवर 2019 प्रयागराज उत्तर प्रदेश आयोजित कुंभ मेल है। 
539,वीडिय 17 दिसंबर 2019 वायरल शहर हाल हिंस असंबंधित है। 
393,बूम टोंक पुलिस बात पत लग वायरल तस्वीर बलात्कार पीड़ि नह पीड़ि ज़िंद 
631,24व बहुराष्ट्रीय समुद्रीय अभ्यास मालाबार पहल चरण संपन्न गय 
302,फ़र्ज़ ट्वीट दाव समाजवाद पार्ट यद सत् राम मंदिर निर्माण नह 
632,बूम पाय वीडिय अगस्त 2018 यूट्यूब उपलब्ध 
310,बूम पाय असल तस्वीर दुब अप करीब जय बाजपेय के ना भाजप प्रवक् संबित पात्र के 
574,अध्ययन 2019 नोवेल कोरोनावायरस के प्रकोप महीन पहल अक्टूबर 2019 प्रकाशित था। 
276,बूम दिल्ल पुलिस संपर्क किय पत लग वीडिय दरअसल मॉक ड्रिल ना आतंकवाद के दबोच 
315,बूम पाय ससपेंड चूक हैंडल पैरोड हैंडल 
184,बूम सभ वायरल वीडियोज़ तस्वीर जांच पाय अलग अलग घटन दिख 
257,स्थाप दिवस के कांग्रेस तैयार भड़काऊ भाषण के अभियुक्त बीजेप चल रह मामल वापस ले अर्ज़ प्रेस रिव्य 
648,प्रसार भार ची विदेश मंत्रालय पूछ भारत जम्मू-कश्मीर विशेष दर्ज ख़त्म किय चीन कड़ आपत्त जत पाकिस्तान के मामल चुप क्य 
619,नीतीश कुमार बिहार राजनीत के ऐस खिलाड़ सत् के खेल जम रह जान 
621,चिराग पासवान के साम बड़ चुनौ तेज़ बदल ज़मी परिस्थित ध्यान रख अप पि छोड़ राजनीतिक पूँज आग बढ़ 
594,इंडिय लव प्रोजेक्ट इंस्टाग्राम सामाजिक बेड़ तोड़ प्यार वाल कहान आवाज़ दे रह 
649,कोरो महामार विमानन सेक्टर बुर प्रभावित किय उड़ान शुर स्थित सामान्य अभ लंब वक़्त लग 
516,बीबीस हिंद के लाइव पन् आपक मिल दिनभर सभ बड़ खबर हर अपडेट के बन रह हमार 
373,कनाड ब्रिटेन के अमेरिक लोग किसान के समर्थन विरोध प्रदर्शन किय 
309,पाकिस्तान कपड़ उद्योग जुड़ निर्यातक के मुताबिक कोरो काल उन्ह विदेश काफ ऑर्डर मिल 
145,ऑक्सफोर्ड कोविशील्ड भारत बायोटेक कोवैक्सीन मंज़ूर दी दोन के डेट सार्वजनिक नह ऐस चिं ज़ाहिर रह 
558,बूम पाय तस्वीर जून 2015 पाकिस्तान के मुल्तान प्रदर्शनकार नरेंद्र मोद पाक विरोध टिप्पण के 
380,अधिकार कह वैक्सीन के पहल तीस लाख डोज़ जल्द सार राज्य पहुंच दिए 
651,बूम पाय वीडिय 2011 शूट मोहाल पुलिसकर्म सिख प्रदर्शनकार पकड़ जबरदस् उसक पगड़ 
646,भारतीय ट्वीट पत्र फ़र्ज़ क़रार दिय बिपिन रावत के नाम वायरल 
422,बूम पत लग वायरल पोस्ट दिख रह तस्वीर दरअसल 2015 तस्वीर इरफ़ान शक्ल मॉर्फ़ करक बनाय गय 
47,बूम पाय वायरल तस्वीर एडिटिंग ऐप फ़ेसऐप इस्तेमाल करक बन गय है। 
701,राष्ट्रीय सुरक्ष एजेंस के अनुसार कथित एनजीओ ट्रस्ट अलगाव बढ़ाव दे के देश विदेश चंद जम रह 
279,कोरो के बदल रूप ख़बर आन के भारत समेत देश ब्रिटेन आन वाल उड़ान बैन दिय 
220,बूम पाय भुपलपल्ल ज़िल के कलेक्टर ना जज 
615,बिहार एनडीए पूर्ण बहुमत मिल गय सरकार बन के हलचल नह दिख रह क्य नीतीश कुमार पांच विकल्प विचार रह 
390,बीजेप अध्यक्ष जेप नड्ड कोलक के दिन के दौर प्रदेश सत्ताधार तृणमूल कांग्रेस के ख़िलाफ़ आक्रामक तेवर अपन उनक काफ़िल हमल घट सरगर्म बढ़ दी 
553,बूम पाय दोन तस्वीर एडिट किय गय है। पेशाब ना निर्देश दे वाल टेक्स्ट नह ना 
688,तेजस्व यादव सियासत विरासत मिल चिराग पासवान अखिलेश यादव तुल दूसर वारिस कित अलग 
434,बूम पत लग फ़ेसबुक शेयर किय ट्वीट स्क्रीनशॉट दरअसल फ़ैन पेज लिय गय सस्पेंडेड 
39,भारतीय वाय के प्रमुख एयर मार्शल आरकेएस भदौरिय कह स्वदेश लड़ाक विमान- तेजस बालाकोट जैस सर्जिकल स्ट्राइक बारीक अंज़ाम दे मददगार होग 
363,केंद्र जेप नड्ड के दौर सुरक्ष के ज़िम्मेदार तीन आईपीएस अधिकार डेपुटेशन दिल्ल बुल मम किय भेज इनकार 
140,बूम केंट रिफ्यूज एक्शन नेटवर्क संपर्क किय पुष्ट उनक आयोजन तस्वीर 17 अक्टूबर 
648,बूम पाय वीडिय 2017 मुंबई-पुण हाईव एक्सीडेंट के रूप वायरल 
579,ग़लत दाव किय गय बीमार नह कीटाण रोक चाह मास्क के सफ़ेद साइड पहन 
39,सोशल मीडिय वायरल दाव मा अहमदाबाद एयरपोर्ट नाम सरदार वल्लभभ पटेल अडा एयरपोर्ट गय । 
603,दिल्ल समेत उत्तर भारत के इलाक प्रदूषण हव घुल ज़हर क्य सिर्फ़ फ़सल पराल ज़िम्मेदार यासरकार इंतज़ाम नाकाफ़ 
689,तस्वीर दिख दे वाल शख्स विनय शर्म मामल वयस्क दोष ना नाबालिग है। 
362,बूम पाय प्रधानमंत्र आयुष्मान भारत लाभार्थ बात रह ना कोविड-19 मरीज़ 
322,बूम वायरल तस्वीर दिख रह भाजप विकास दुब संपर्क किय पाय दाव बेबुनियाद 
51,असम सरकार अवैध प्रवास घुसपैठ जुड़ मुद्द ले पुलिस कमेट ऐस बन प्रदेश विधानसभ चुनाव वाल 
188,सरकार प्रेस रिलीज़ के मुताबिक़ देशभर क़रीब 96000 वैक्सीन दे वाल इसक ट्रेन किय गय 
548,बूम पाय वायरल तस्वीर तीन साल पुरा शाहीन बाग़ नह है। 
203,आंदोलन रह किसान रविवार ताल थाल बज पीएम मोद के ‘मन बात’ कार्यक्रम विरोध किय 
583,बूम पाय कंबल वितरण अभियान संचालन यूप स्थित गैर सरकार संगठन द्वार किय गय जिसक आम आदम पार्ट 
453,मोद सरकार दिय पीछ हट के संकेत आक्रामक किसान संगठन 
464,हाल 2014 तस्वीर दाव शेयर रह मोद सरकार लॉकडाउन के अप प्रचार नह 
399,रूस के विदेश मंत्र सर्गेइ लवरोफ़ क्वाड गुट सख़्त टिप्पण के अख़बार सुर्ख़ 
58,बूम रवीश बात करक पत लग ऐस अपील नह 
241,बूम पाय सुप्रीम कोर्ट के लोग हमेश संस्कृत वाक्य यत धर्मस्तत जयः लिख 
355,भारत कोरो टीक कैस लग जाएग इसक बार सरकार दिशानिर्देश जार दिए 
330,बूम बैन किय 59 एप्प्स के विकल्प सूच बन नज़र डाल 
445,1955 डॉक्टर आंबेड बीबीस के महात्म गांध के अप संबंध बात आंबेड पुण्यतिथ विशेष 
672,दिल्ल पुलिस बूम पुष्ट तस्वीर दिख दे वाल शख़्स दिल्ल पुलिस के सिपाह अरविंद कुमार है। 
752,बीएआरस टीव चैनल टीआरप निलंबित कार्टून 
56,दाव किय रह भाजप किसान आंदोलन के कारण फूट पड़ 
276,प्रधानमंत्र नरेंद्र मोद नई दिल्ल स्थित नेशनल वॉर मेमोरियल पहुंच 1971 युद्ध हिस्स ले वाल जवान श्रद्धांजल दी 
620,बूम पाय वीडिय नवंबर 2019 किसान कथित तौर जमीन के मुआवज़ मिल विरोध किय था। 
546,बूम पाय वीडिय हेनान प्रांत ची स्वाट टीम द्वार मॉक ड्रिल है। 
432,बूम पाय असल घट अप्रैल 3 2020 बांग्लादेश के सिलहट जह स्थानीय ज़रूरतमंद हिंद 
473,पाकिस्तान तमिल समुदाय बंटवार के वक़्त तमिलनाड कराच बस गय 
121,किसान 26 जनवर दिल्ल के राजपथ ट्रैक्टर परेड तैयार रह हरियाण के जींद महिल किसान ट्रैक्टर-ट्रॉल चल ट्रेनिंग ले रह 
744,बूम पाय टीवी9 दिए इंटरव्य वो अप भाई द्वार किय भद्द बात अफ़सोस घृण रह 
180,दिल्ल अलग-अलग सीम अप माँग ले प्रदर्शन रह किसान आख़िर नय साल क्य उम्मीद रख 
567,बूम पाय वीडिय भुवनेश्वर नगर निगम द्वार अवैध अतिक्रमण के ख़िलाफ चल निष्कासन अभियान हिस्स है। 
29,सोशल मीडिय दाव मा गुरुद्वार समित जानबूझ गलीच हट ताक प्रधानमंत्र ठण्ड नीच चल पड़ 
270,बूम पाय तस्वीर 2018 मामल किड पथर निकलव आय मरीज़ के परिवार डॉक्टर किड 
583,भारत के विदेश मंत्रालय पाकिस्ता राजदूत बुल पाकिस्ता बल द्वार निर्दोष नागरिक जानबूझ निश बन कड़ शब्द निंद 
467,रणजीत सिंह डिसल पुरस्कार जीत घोषण दी वो इसक आध राश बाक़ शिक्षक के बांट 
114,बूम पाय वीडिय पुर 24 जनवर 2019 युवक फ़्लाइट प्रार्थ ले विवाद ‘अल्लाह अकबर’ 
614,अर्नब गोस्वाम बी बुधवार 4 नवंबर मुंबई उन्ह उनक घर गिरफ़्तार किय गय 
425,किसान आंदोलन शामिल किसान संगठन हर रोज़ रिव्य मीटिंग के आपस अप समन्वय मज़बूत 
160,जैक मा शंघ अक्टूबर के अंत फोरम के सार्वजनिक तौर नह दिख दिए 
467,हालांक वायर एजेंस अप ट्वीट डिलीट करक भूल-सुधार जार दिय लोग गलत ट्वीट 
124,बूम पाय वायरल पोस्ट दाव फ़र्ज़ तस्वीर मृत व्यक्त गुजरात पप्प शुक्ल नह बल्क यमन इस्माइल 
198,बूम पाय वायरल तस्वीर 2017 राजस्थान के सी किसान प्रदर्शन 
114,सोमवार केरल हिमाचल प्रदेश राजस्थान बात पुष्ट दी उनक बड़ पैम पक्ष मौत वजह बर्ड फ्ल 
507,भारत-चीन सीम नह बन बात स्टेन स्वाम कह माओवाद नह के अख़बार सुर्ख 
678,बूम दारुल उलूम के वाईस चांसलर बत दाव फ़र्ज़ जिसक दारुल उलूम सम्बन्ध नह 
79,सुप्रीम कोर्ट कृष क़ानून विभिन्न पक्ष सुन ज़मी स्थित जायज ले के समित गठन किय 
16,भारत रूस के रिश्त बढ़ अटकल के रूस विदेश मंत्र सर्गेइ लवरोव सोमवार कह रूस के भारत ख़ास 
520,बूम दिल्ल के डॉ राम मनोहर लोहिय अस्पताल सफदरजंग अस्पताल संपर्क किया। दोन अस्पताल ऐस मरीज़ 
13,हिंदुस्तान ज़मीन हज़ार मील ऑस्ट्रेलिय धर जैस बी महीन जीवन पूर सार लिख दिय गय 
265,ब्रिटेन न्यूज़ चैनल के ब्रॉडकास्ट अधिकार रख वाल कंप क़रीब 20 लाख रुपय जुर्म लग गय 
510,भारत के विदेश सचिव के लौट के ठीक दिन चीन के रक्ष मंत्र नेपाल पहुंच 
553,पाकिस्तान अदालत प्रतिबंधित संगठन जमात-उद-दाव के मुखिय हाफ़िज़ सईद साढ़ 10 साल क़ैद सज़ सुन 
670,राजधा दिल्ल बी दिन रोज़ संक्रमण के मामल 5 हज़ार के आ रह रोज़ नय रिकॉर्ड बन रह 
211,आंदोलन रह किसान रविवार ताल थाल बज पीएम मोद के ‘मन बात’ कार्यक्रम विरोध किय 
526,कोयंबटूर पुलिस ख़बर फ़र्ज़ बत है। पुलिस के मुताबिक शेयर वाल हैंडल पत लग कोशिश रह 
519,आसियान देश के मुक्त व्यापार समझौ आरसीईप रीजनल कॉम्प्रिहेंसिव इकोनॉमिक पार्टनरशिप विश्व सबस बड़ व्यापार समझौ कह रह 
102,चावल पक के उबाल नह पड़ बस देर पा रख के खा के तैयार 
427,वायरल पोस्ट दाव किय गय हमल पालघर लिंचिंग प्रेरित था। बूम होशियारपुर पुलिस सम्पर्क पत 
310,अमेरिक भारतीय मूल के प्रसिद्ध लेखक बुद्धिजीव फ़रीद ज़करिय ख़ास बातचीत बीबीस संवादद ज़ुबैर अहमद 
575,बूम पाय मतद जानकार नाम वाल शख़्स जामिय शूटर संबंधित नह 
711,अधिकतर पोस्ट छात्र मुफ़्तखोर आश्रित बत रह महिल के प्रत फैल रह द्वेष झूठ 
716,बूम पत लग सक्षम पीड़ित सुखराम मेघवाल लोग चोर के आरोप पीट 
61,दाव किय रह किसान आंदोलन ख़ालिस्तान मूवमेंट आपस जुड़ 
387,पूर देश न्यूनतम समर्थन मूल्य धान ख़रीद के छत्तीसगढ़ सबस अधिक भुगतान राज्य सरकार किसान प्रत एकड़ 15 क्विंटल धान ख़रीद 
679,भारत आधिकारिक अपराध डेट पीड़ित बलात्कार दोन के धर्म डेट एकत्र नह है। 
92,बूम पाय वायरल तस्वीर अक्टूबर 2019 ली गय अशोक गेहलोत दिवाल मन 
668,अभियुक्त पुलिसकर्म अविनाश राय नौकर बर्खास्त दिय गय मामल जाँच रह 
618,पार्ट 27 उम्मीदवार वायरल सूच खंडन किय सांप्रदायिक कोण दिय रह 
597,केंद्र सरकार इंटरनेट फ़िल्म समाचार ऑडियो-विज़ुअल सामग्र दे वाल डिजिटल प्लेटफ़ॉर्म्स सूच प्रसारण मंत्रालय के अंतर्गत ला आदेश जार किय क्य इसक माय 
40,हालिय किसान प्रदर्शन के तस्वीर दाव के वायरल प्रधानमंत्र गौतम अडा पत् झुक प्रणाम 
284,ब्रिटेन पाए कोरो वायरस के नए वैरिएंट के मद्देनज़र भारत समेत कनाड आयरलैंड जर्म फ्रांस इटल नीदरलैंड्स बेल्जियम जैस तकरीबन 10 देश उड़ान रद्द फैसल लिय 
75,सोशल मीडिय दाव किय गय तस्वीर दिख रह किसान दिल्ल के डेर डाल 
511,वीडिय झूठ दाव के शेयर किय रह मुंबई के पास लोनावल मुस्लिम वेंडर पकड़ गय लीच 
550,पाकिस्तान प्रशासित कश्मीर रह वाल लोग ग़ल एलओस पार उनक घरवाल बरस उनक वापस आस लग बैठ 
11,ब्रिसबेन के गाब मैदान टेस्ट मैच इतिहास दर्ज चुक के भारत सिरीज़ अप नाम 
551,टेस्क सेंसबर मार्क्स एंड स्पेंसर रॉल्फ़ लॉरेन जैस ब्रांड कपड़ सप्ल वाल फ़ैक्ट्र के कर्मचार लग शोषण के आरोप 
748,बूम पाय वरिष्ठ पत्रकार कुमार के नाम वायरल रह बयान मुर्शिदाबाद ट्रिपल मर्डर के सोशल मीडिय घूम 
247,बूम पाय वीडिय आंध्र प्रदेश इसम दिख रह लोग आरएसएस संबंधित नह । 
682,बूम पाय वायरल तस्वीर बांग्लादेश के चिटगॉन्ग ईद-ए-मिलाद के मौक निकाल जुलूस के शूट 
743,भीलवाड़ पुलिस घट के पीछ सांप्रदायिक कारण साफ़ इनकार किय 
164,सिविकस रिपोर्ट कंबोडिय थाईलैंड श्रीलंक वियतनाम ज़िक्र किय गय के हालात ले चिं ज़ाहिर आम लोग बेवजह निश बन गय कठोर यात दी गईं 
451,भारत आंदोलन रह किसान के समर्थन कनाड के प्रधानमंत्र जस्टिन ट्रूड बार बयान दिय प्रेस कॉन्फ्रेंस उनस भारत संबंध ले सवाल किय गय 
757,बूम मेरठ पुलिस बात बत मुज़फ़्फ़रनगर गिरोह काफ दिन एटीएम गैस कटर मदद लूट 
186,बूम पाय घट आंध्र प्रदेश के प्रकाशम ज़िल लड़क के उसक एक्स बॉयफ्रेंड बदतमीज़ । 
156,बूम पाय फ़ोट 12 दिसंबर 2013 ली गय मेक्सिकन बिल विरोध रह ना भ्रष्टाचार के ख़िलाफ़ 
724,बूम पाय खान के जन्मदिन के दिन लाइट शो के बार लेख परन्त उसम पैस उधार बात नह 
312,बूम हेम मालि बात अफवाह ख़ारिज किय 
8,दाव कोविड-19 के टीक लिंग लग वायरस जल्द राहत मिल 
454,सुप्रीम कोर्ट महिल के समूह याचिक दायर करक मुसलमान समुदाय अधिक शाद चुनौ दी पढ़ के अख़बार प्रमुख सुर्ख़ 
630,अमेरिक के राष्ट्रपत उप-राष्ट्रपत चु बाइडन कमल हैरिस देश के बध दे रह 
513,बूम आजतक के वीडिय लंब वर्शन पाय जिसस पत चल वीडिय क्रॉप ग़लत सूच फैल रह है। 
292,पाकिस्तान के पूर्व क्रिकेटर शोएब अख़्तर भारतीय टीम ले वीडिय जार किय 
34,किसान संघर्ष समित आरोप सरकार के इशार लोग आंदोलन हिंसक बन चाह 
712,बूम पाय लेख सबस पहल व्यंग मनोरंजक वेबसाइट प्रकाशित जिसक सच मा रह 
153,साल 2020 कोविड-19 के ख़िलाफ़ जंग फ़्रंटलाइन रह डॉक्टर्स स्वास्थ्यकर्म वायरस संक्रमित उनम कइय मौत 
298,धुंधल याद थक मन माँ बार देख इच्छ गी चल चल रह 
68,भारत वैक्सीन सप्ल कार्टून 
649,बूम दिल्ल पुलिस बात कह वीडिय दिख रह राकेश त्याग साल पहल पुलिस सेवानिवृत्त गए। 
428,बीबीस ख़ास बातचीत जम्मू-कश्मीर पूर्व मुख्यमंत्र महबूब मुफ़् डीडीस चुनाव ले अनुच्छेद 370 अप बात रख 
321,उत्तर प्रदेश के संभल ज़िल किसान शांत भंग आशंक के कारण 50 लाख रुपय के बॉन्ड भर संबंध नोटिस जार किय गय 
482,वायरल मैसेज फ़र्ज़ बॉम्ब कोर्ट द्वार दिए निर्णय ग़लत व्याख्य दी है। 
704,बूम पाय तस्वीर नाइजीरिय जह पादर अप बहन मानव कंकाल रख 
580,हाल भारत ऑनलाइन न्यूज़ ओटीट प्लेटफॉर्म्स सेंसरशिप लाग फैसल लिय 
328,हालांक लोग दिल्ल सीम प्रदर्शन वाल किसान के शामिल नह 
688,बूम पाय कांग्रेस के नाम ग़लत बयान फैल रह है। अप टिप्पण सीएब के ख़िलाफ़ बात थी। 
195,बूम पाय पिछल साल मुंबई दिए उनक भाषण तोड़-मरोड़ पेश किय गय 
729,अनुराग कश्यप यौन शोषण आरोप लग के मामल ऋच चड्ढ पायल घोष क़ानू नोटिस भेज 
349,संसद के शीत सत्र के ना ख़बर कार्टून 
557,बूम पाय दाव झूठ तीन अलग-अलग वीडिय जोड़ वीडिय बन गय है। 
687,आर्टिकल 370 हट कोरो वायरस लॉकडाउन के कश्मीर सेब उद्योग दोबार खड़ तैयार 
341,बिहार पिछल मही संपन्न विधानसभ चुनाव एनडीए सत् आन बिहार मुफ़्त कोरो वैक्सीन लग वाद किय 
742,बूम पाय प्रदर्शन कमलेश तिवार द्वार बन हिन्द समाज पार्ट के कार्यकर्त किय 
489,बूम पाय भारतीय दाव ग़लत बत है। दाव के इस्तेमाल तस्वीर पुरा भारत 
281,बेंगलुर मुसलमान कारोबार मंदिर के अप ज़मीन दे दी एचएमज बाश के कदम काफ़ सराह रह 
439,गूगल आरोप लग रह वो भारतीय बाज़ार अप प्रभुत्व दुरुपयोग रह जानकार के मुताबिक इसस भारतीय इंटरनेट उद्योग गंभीर असर पड़ सक 
549,राष्ट्रीय बाल अधिकार संरक्षण आयोग के सहयोग देश पहल जुवेनाइस पुलिस डिवीज़न त्रिच खोल गय 
527,दाव शाहीन बाग़ महिल पैस दिए रह बूम पाय वीडिय फ़रवर 28 वितरित गय सहाय राश के 
559,बाघ महाराष्ट्र तेलंग के सात ज़िल 3000 किम यात्र फ़िलहाल मिल गय नय ठिक 
147,भारत तनाव के ची राष्ट्रपत शी जिनपिंग तैनात शक्त अप पास ले ली 
401,बूम जयपुर अधिकारीय बात करक पत लग खबर फ़र्ज़ 
537,पाकिस्तान छप वाल उर्द अख़बार हफ़् चीन-पाकिस्तान आर्थिक कॉरिडोर क़ुरैश के बयान इमरान ख़ान के अफ़ग़ानिस्तान दौर विपक्ष महागठबंधन जुड़ ख़बर मिल सबस ज़्याद सुर्ख़ 
58,पाकिस्तान के हज़ार मुसलमान काफ़ निश बन रह हज़ार कह आए पाकिस्तान 
361,ऑपरेशन के परिवार उम्मीद बच्च दूसर बच्च खेल-कूद बाक़ गतिविध हिस्स ले सक 
728,आईएमएफ़ अनुमान प्रत व्यक्त जीडीप आन वाल दिन बांग्लादेश भारत पीछ छोड़ आग जाएग आखिर ऐस कैस होग 
564,लक्ष्म विलास बैंक लिमिटेड आर्थिक स्थित लगातार गिरावट बी तीन साल ज़्याद बैंक लगातार घाट रह इसस इसक नेटवर्थ घट 
683,केंद्र सरकार ओर लाए तीन नए कृष क़ानून निष्प्रभाव के पंजाब विधानसभ तीन नए कृष विधेयक पारित 
725,बूम पाय आजतक द्वार ऐस शो नह किय गय जिसम चैनल समाचार दिय ऐस घट नह 
693,बूम पाय वायरल तस्वीर हिंद अखबार दैनिक पूर्वोदय द्वार प्रकाशित तथ्य जांच लेख केवल हिस्स 
335,गुलाब गेंद वाल डे-नाइट टेस्ट मैच कप्ता विराट कोहल टेस्ट मैच के वो भारत लौट क्योंक वो पि बन वाल 
408,9 दिसंबर सोनिय गांध जन्मदिन ट्विटर सोशल मीडिय उनक काफ़ चर्च रह पढ़ विशेष लेख 
610,बिहार के साथ-साथ राज्य उपचुनाव भारतीय जन पार्ट अच्छ प्रदर्शन किय 11 राज्य 58 विधानसभ सीट चुनाव के नतीज आ 
657,बूम पाय वीडिय वायरल के तुरंत 2018 लड़क अप परिवार के पास वापस पहुंच थी। 
